{
  "document_package_1": {
    "doc_num": "dolore03652"
  },
  "document_jpg_1": {
    "doc_num": "explicab_9962022-12-01"
  },
  "document_txt_1": {
    "doc_num": "quis_con_5082022-12-01"
  },
  "document_png_2": {
    "doc_num": "amet_q24758"
  },
  "document_workflowint_3": {
    "doc_num": "in_aut75526"
  },
  "document_png_1": {
    "doc_num": "ipsum_es_5762022-12-01"
  },
  "document_doc_2": {
    "doc_num": "hic_re01340"
  },
  "document_doc_1": {
    "doc_num": "quaera80270"
  },
  "document_viewer_1": {
    "doc_num": "beatae30721"
  },
  "document_doc_7": {
    "doc_num": "et_sun22320"
  },
  "document_doc_4": {
    "doc_num": "reicie26619"
  },
  "document_doc_3": {
    "doc_num": "volupt46184"
  },
  "document_trans_2": {
    "doc_num": "sunt_ver_2122023-04-18"
  },
  "document_doc_6": {
    "doc_num": "id_et\\27248"
  },
  "document_trans_1": {
    "doc_num": "cupidi30621"
  },
  "document_doc_5": {
    "doc_num": "necess18754"
  },
  "document_xls_1": {
    "doc_num": "qui_sed_8362022-12-01"
  },
  "document_sd_1": {
    "doc_num": "molest00128"
  },
  "document_mail_2": {
    "doc_num": "illo_q35855"
  },
  "document_mail_1": {
    "doc_num": "blandi13728"
  },
  "document_docs_1": {
    "doc_num": "iusto_te_8752022-12-01"
  },
  "document_workflowint_1": {
    "doc_num": "est_sa36567"
  },
  "document_workflowint_2": {
    "doc_num": "deleni00172"
  },
  "document_pdf_2": {
    "doc_num": "et_rer77606"
  },
  "document_pdf_1": {
    "doc_num": "et_earum_9122022-12-01"
  }
}