{
  "Mail1": {
    "mail_num": "AUTOINC-CI-000004",
    "Sent Date": "Jun 14, 2021"
  },
  "Mail2": {
    "mail_num": "AUTOINC-LETTER-000010",
    "Sent Date": "Jun 22, 2021"
  },
  "Mail3": {
    "mail_num": "AUTOINC-TRANSMIT-000007"
  },
  "Mail4": {
    "mail_num": "AUTOINC-CI-000005",
    "Sent Date": "Jun 14, 2021"
  },
  "package_mail1": {
    "mail_num": "TRLTD-LETTER-000003",
    "Sent Date": "Jun 22, 2021"
  },
  "Cost_Mail2": {
    "mail_num": "AUTOINC-LETTER-000022",
    "Sent Date": "Jun 25, 2021"
  }
}