{
  "user_super_pd": {
    "project_name1": "MadPrice",
    "project_name2": "LavBotsfo",
    "password": "peprfn55jfd823",
    "full_name": "Danuta Haley",
    "org_name": "Harvey-Fritsch",
    "job_title": "Consultant",
    "project_id2": "1879053663",
    "username": "Danuta.Haley",
    "project_id1": "1879053664"
  },
  "user_pd1": {
    "project_name1": "MadPrice",
    "password": "$JDg6xDc630000",
    "full_name": "Delicia Macejkovic",
    "org_name": "Harvey-Fritsch",
    "job_title": "Consultant",
    "project_id1": "1879053664",
    "username": "DMacejkovicM"
  }
}