{
  "document_package_1": {
    "doc_num": "dolore03652"
  },
  "document_zd_1": {
    "doc_num": "id_assum_9162022-12-08"
  },
  "document_jpg_1": {
    "doc_num": "ipsam_te_1142022-12-06"
  },
  "document_txt_1": {
    "doc_num": "labore_n_1222022-12-06"
  },
  "document_png_2": {
    "doc_num": "amet_q24758"
  },
  "document_workflowint_3": {
    "doc_num": "in_aut75526"
  },
  "document_png_1": {
    "doc_num": "vitae_in_1162022-12-06"
  },
  "document_doc_2": {
    "doc_num": "unde_m13798"
  },
  "document_doc_1": {
    "doc_num": "quaera80270"
  },
  "document_viewer_1": {
    "doc_num": "volupt55610"
  },
  "document_doc_7": {
    "doc_num": "et_sun22320"
  },
  "document_doc_4": {
    "doc_num": "reicie26619"
  },
  "document_doc_3": {
    "doc_num": "et_del42811"
  },
  "document_trans_2": {
    "doc_num": "quaera00709"
  },
  "document_doc_6": {
    "doc_num": "id_et\\27248"
  },
  "document_trans_1": {
    "doc_num": "cupidi30621"
  },
  "document_doc_5": {
    "doc_num": "necess18754"
  },
  "document_xls_1": {
    "doc_num": "et_volup_1362022-12-06"
  },
  "document_sd_1": {
    "doc_num": "sed_id17291"
  },
  "document_mail_2": {
    "doc_num": "dolore20781"
  },
  "document_mail_1": {
    "doc_num": "dolore80100"
  },
  "document_docs_1": {
    "doc_num": "repellat_4092022-12-06"
  },
  "document_workflowint_1": {
    "doc_num": "est_sa36567"
  },
  "document_workflowint_2": {
    "doc_num": "non_ma74613"
  },
  "document_pdf_2": {
    "doc_num": "et_rer77606"
  },
  "document_pdf_1": {
    "doc_num": "nisi_odi_6832022-12-06"
  }
}