{
  "Mail1": {
    "mail_num": "AUTOINC-CI-000004",
    "Sent Date": "Jun 14, 2021"
  },
  "Mail2": {
    "mail_num": "AUTOINC-LTR-000158",
    "Sent Date": "Dec 8, 2022"
  },
  "Mail3": {
    "mail_num": "AUTOINC-TRANSMIT-000007"
  },
  "Mail4": {
    "mail_num": "AUTOINC-CI-000005",
    "Sent Date": "Jun 14, 2021"
  },
  "Cost_Mail2": {
    "mail_num": "AUTOINC-LTR-000134",
    "Sent Date": "Nov 24, 2022"
  },
  "package_mail1": {
    "mail_num": "TRLTD-LTR-000003",
    "Sent Date": "Jul 13, 2021"
  }
}