{
  "document_package_1": {
    "doc_num": "sint_l04117"
  },
  "document_Process_1": {
    "doc_num": "nisi_e08688"
  },
  "document_txt_1": {
    "doc_num": "voluptas_712023-04-24"
  },
  "document_jpg_1": {
    "doc_num": "possimus_2682023-04-24"
  },
  "document_png_2": {
    "doc_num": "repreh_25-15-49-04"
  },
  "document_workflowint_3": {
    "doc_num": "asperi77755"
  },
  "document_png_1": {
    "doc_num": "autem_co_1712023-04-24"
  },
  "temp1_Inspec1": {
    "doc_num": "24 Check List Template1_inspection"
  },
  "document_download": {
    "doc_num": "street_plan.pdf"
  },
  "document_doc_2": {
    "doc_num": "rem_pa36238"
  },
  "document_doc_1": {
    "doc_num": "rerum_23151"
  },
  "document_dw_1": {
    "doc_num": "quae_o_25-13-49-35"
  },
  "temp1_Inspec2": {
    "doc_num": "6 PDF Checklist_inspection"
  },
  "document_viewer_1": {
    "doc_num": "nesciu63492"
  },
  "document_doc_7": {
    "doc_num": "laudan82314"
  },
  "document_doc_4": {
    "doc_num": "at_eum61104"
  },
  "document_doc_3": {
    "doc_num": "facere28881"
  },
  "document_trans_2": {
    "doc_num": "volupt76635"
  },
  "document_doc_6": {
    "doc_num": "sed_au17801"
  },
  "document_trans_1": {
    "doc_num": "offici45139"
  },
  "document_doc_5": {
    "doc_num": "vel_co81238"
  },
  "document_xls_1": {
    "doc_num": "ipsum_qu_2432023-04-24"
  },
  "document_sd_1": {
    "doc_num": "volupt70108"
  },
  "document_mail_2": {
    "doc_num": "harum_77117"
  },
  "document_mail_1": {
    "doc_num": "aut_du23503"
  },
  "document_docs_1": {
    "doc_num": "aut_maxi_5862023-04-24"
  },
  "document_workflowint_1": {
    "doc_num": "error_11192"
  },
  "document_workflowint_2": {
    "doc_num": "commodi_7972023-04-24"
  },
  "document_pdf_2": {
    "doc_num": "enim_e_25-16-00-42"
  },
  "document_pdf_1": {
    "doc_num": "facere_t_1712023-04-24"
  }
}