{
  "Mail1": {
    "mail_num": "MAJ-LTT-000006",
    "Sent Date": "Jun 10, 2021"
  },
  "Mail2": {
    "mail_num": "MAJ-LTT-000021",
    "Sent Date": "Jun 16, 2021"
  },
  "Mail3": {
    "mail_num": "MAJ-TRN-000004"
  },
  "Mail4": {
    "mail_num": "MAJ-LTT-000003",
    "Sent Date": "Jun 10, 2021"
  },
  "Cost_Mail2": {
    "mail_num": "MAJ-LTT-000089",
    "Sent Date": "Jun 8, 2021"
  },
  "Cost_Mail1": {
    "mail_num": "MAJ-LTT-000080",
    "Sent Date": "Jun 8, 2021"
  },
  "package_mail1": {
    "mail_num": "TRLTD-LTT-000003",
    "Sent Date": "Jun 17, 2021"
  }
}