{
  "user1": {
    "project_name1": "QARegressionTest",
    "project_name2": "QARegressionTest",
    "project_name3": "QARegressionTest",
    "password": "YWMwbjN4NzI\u003d",
    "full_name": "Patrick O\u0027leary",
    "org_name": "Majestic Builders",
    "project_id1": "1879053212",
    "project_id2": "1879053212",
    "project_id3": "1879053212",
    "username": "poleary"
  },
  "user3": {
    "project_name1": "QARegressionTest",
    "password": "YWMwbjN4NzI\u003d",
    "full_name": "Eric Gibb",
    "org_name": "Majestic Builders",
    "project_id1": "1879053212",
    "username": "egibb",
    "project_name2": "QARegressionTest",
    "project_id2": "1879053212"
  },
  "user2": {
    "project_name1": "QARegressionTest",
    "project_name2": "QARegressionTest",
    "password": "YWMwbjN4NzI\u003d",
    "full_name": "Anthony Taylor",
    "org_name": "Splice Architects",
    "project_id1": "1879053212",
    "username": "ataylor"
  }
}