{
  "document_package_1": {
    "doc_num": "dolore03652"
  },
  "document_jpg_1": {
    "doc_num": "illo_vol_5142022-12-06"
  },
  "document_txt_1": {
    "doc_num": "quaerat_6462022-12-06"
  },
  "document_png_2": {
    "doc_num": "amet_q24758"
  },
  "document_workflowint_3": {
    "doc_num": "in_aut75526"
  },
  "document_png_1": {
    "doc_num": "perspici_9972022-12-06"
  },
  "document_doc_2": {
    "doc_num": "fugit_51321"
  },
  "document_doc_1": {
    "doc_num": "quaera80270"
  },
  "document_viewer_1": {
    "doc_num": "cupidi15003"
  },
  "document_doc_7": {
    "doc_num": "et_sun22320"
  },
  "document_doc_4": {
    "doc_num": "reicie26619"
  },
  "document_doc_3": {
    "doc_num": "animi_45958"
  },
  "document_trans_2": {
    "doc_num": "quaera00709"
  },
  "document_doc_6": {
    "doc_num": "dolor_se_9632023-04-21"
  },
  "document_trans_1": {
    "doc_num": "cupidi30621"
  },
  "document_doc_5": {
    "doc_num": "est_nece_7492023-04-21"
  },
  "document_xls_1": {
    "doc_num": "veniam_i_4332022-12-06"
  },
  "document_sd_1": {
    "doc_num": "in_aut97665"
  },
  "document_mail_2": {
    "doc_num": "id_aut01707"
  },
  "document_mail_1": {
    "doc_num": "sit_ne13440"
  },
  "document_docs_1": {
    "doc_num": "delectus_7402022-12-06"
  },
  "document_workflowint_1": {
    "doc_num": "est_sa36567"
  },
  "document_workflowint_2": {
    "doc_num": "deleni00172"
  },
  "document_pdf_2": {
    "doc_num": "et_rer77606"
  },
  "document_pdf_1": {
    "doc_num": "libero_n_3482022-12-06"
  }
}