{
  "mailsearch4159": {
    "mail_num": "BEAHAN,-INM-000005"
  },
  "mailWithNonConfidentialDoc1": {
    "mail_num": "MFC-TRANSMIT-000013",
    "doc_num": "middleware_2020-05-13072603"
  },
  "mailsearch4314": {
    "mail_num": "BEAHAN,-INM-000014"
  },
  "changemail_4": {
    "mail_num": "Draft-014432",
    "attribute1": "Claybury"
  },
  "mailsearch4160": {
    "mail_num": "BEAHAN,-INM-000006"
  },
  "mailsearch4161": {
    "mail_num": "BEAHAN,-INM-000007"
  },
  "changemail_2": {
    "mail_num": "Draft-014432",
    "attribute1": "Claybury"
  },
  "changemail_3": {
    "mail_num": "Draft-014432",
    "attribute1": "Claybury"
  },
  "mailsearch190": {
    "mail_num": "BWK-INM-000001"
  },
  "mailWithConfidentialDoc1": {
    "mail_num": "WNG-TRANSMIT-000273"
  },
  "changemail_1": {
    "mail_num": "TOWNE,-TRANSMIT-000063",
    "attribute1": "Claybury"
  },
  "mailsearch4166": {
    "mail_num": "BEAHAN,-INM-000011"
  },
  "mailsearch4167": {
    "mail_num": "BEAHAN,-INM-000012"
  },
  "mailforward1": {
    "mail_num": "WNG-INM-000878"
  },
  "mailforward2": {
    "mail_num": "WNG-INM-000868"
  },
  "mailsearch4163": {
    "mail_num": "BEAHAN,-INM-000008"
  },
  "mailsearch4164": {
    "mail_num": "BEAHAN,-INM-000009"
  },
  "mailsearch4165": {
    "mail_num": "BEAHAN,-INM-000010"
  },
  "mailaction1": {
    "mail_num": "Draft-463286"
  },
  "mailaction2": {
    "mail_num": "MFC-INM-000168"
  },
  "replyMail_GeneralRules": {
    "mail_num": "WAS-CA-000003"
  },
  "mailWithConfidentialDoc3": {
    "mail_num": "WNG-INM-000758"
  },
  "mailsearch188": {
    "mail_num": "BEAHAN,-INM-000045"
  },
  "mailsearch187": {
    "mail_num": "BEAHAN,-INM-000043"
  },
  "mail23": {
    "mail_num": "Draft-697732"
  },
  "mail4": {
    "mail_num": "WNG-INM-000969",
    "attribute1": "Claybury"
  },
  "mail24": {
    "mail_num": "Draft-152983"
  },
  "mail3": {
    "mail_num": "WNG-TRANSMIT-000436",
    "attribute1": "Claybury"
  },
  "mail25": {
    "mail_num": "Draft-254283"
  },
  "mail26": {
    "mail_num": "BERL-INM-000008"
  },
  "mailwithattachment": {
    "mail_num": "WNG-INM-000259"
  },
  "mail27": {
    "mail_num": "JSG-INM-000008"
  },
  "mail2": {
    "mail_num": "Draft-533077",
    "attribute1": "Claybury"
  },
  "mail1": {
    "mail_num": "HAHN-RFI-000002",
    "attribute1": [
      "North Kareem"
    ]
  },
  "wftemplate1": {
    "template_name": "template19-14-53-45"
  },
  "wftemplate2": {
    "template_name": "template19-14-54-03"
  },
  "mailsearch4311": {
    "mail_num": "BEAHAN,-INM-000013"
  },
  "mailsearch4158": {
    "mail_num": "BEAHAN,-INM-000004"
  },
  "mailsearch4393": {
    "mail_num": "BWK-INM-000007"
  },
  "mailsearch4394": {
    "mail_num": "BWK-INM-000009"
  },
  "mail21": {
    "attribute1": [
      "Reillyside",
      "Metzchester",
      "Dennisport",
      "Moisesport",
      "Port Elton",
      "Hilllton",
      "Bobbishire",
      "North Wilton",
      "West Lenorastad",
      "West Lyndsaymouth"
    ]
  },
  "mail22": {
    "mail_num": "Draft-382310"
  }
}