{
  "label_DR_1": {
    "fieldName": "Angelita",
    "fieldType": "Yes/No"
  },
  "label_DR_2": {
    "fieldName": "Renato",
    "fieldType": "Select List (Single)"
  },
  "label_DR_3": {
    "fieldName": "Ellis",
    "fieldType": "Select List (Single)"
  },
  "label_DR_4": {
    "fieldName": "Mia",
    "fieldType": "Select List (Multiple)"
  },
  "label_DR_5": {
    "fieldName": "Annabel",
    "fieldType": "Select List (Multiple)"
  },
  "label_DR_6": {
    "fieldName": "Cleo",
    "fieldType": "Select List (Multiple)"
  }
}