{
  "user11": {
    "project_name1": "CoryTech",
    "password": "$Arlinda3521",
    "full_name": "Ester Rath",
    "org_name": "Ryan-Breitenberg",
    "project_id1": "939524661",
    "username": "ERath"
  },
  "user55": {
    "project_name1": "VincenzoTech",
    "password": "$Gabriel6797",
    "full_name": "Steven Sauer",
    "org_name": "Green Inc",
    "project_id1": "939524667",
    "username": "SSauer"
  },
  "user10": {
    "project_name1": "CoryTech",
    "password": "$Natividad3292",
    "full_name": "Rolf Rodriguez",
    "org_name": "Ryan-Breitenberg",
    "project_id1": "939524661",
    "username": "RRodriguez"
  },
  "user54": {
    "project_name1": "VincenzoTech",
    "project_name2": "KanlamRegrant",
    "password": "4mdbm4abacetm8",
    "full_name": "Thao Jenkins",
    "org_name": "Green Inc",
    "username": "dirk.daniel",
    "project_id1": "939524667"
  },
  "user53": {
    "project_name1": "LaneTech",
    "password": "$Cedric2314",
    "full_name": "Jannette Ledner",
    "org_name": "Denesik, Murazik and Carter",
    "project_id1": "939524666",
    "username": "JLedner"
  },
  "user52": {
    "project_name1": "LaneTech",
    "project_name2": "HomeIng",
    "password": "61qd3lo0idecst38",
    "full_name": "Cristie Leuschke",
    "org_name": "Denesik, Murazik and Carter",
    "username": "charles.schmidt",
    "project_id1": "939524666"
  },
  "user59": {
    "project_name1": "MeeTech",
    "password": "$Terisa0844",
    "full_name": "Abe Koss",
    "org_name": "Adams-Trantow",
    "project_id1": "939524671",
    "username": "AKoss"
  },
  "user58": {
    "project_name1": "MeeTech",
    "password": "$Alejandra3918",
    "full_name": "Colton Crooks",
    "org_name": "Adams-Trantow",
    "project_id1": "939524671",
    "username": "CCrooks"
  },
  "user13": {},
  "user57": {
    "project_name1": "MeeTech",
    "password": "m36s1sy69zrz8",
    "full_name": "Angelique Beier",
    "org_name": "Adams-Trantow",
    "username": "noah.schumm",
    "project_id1": "939524671"
  },
  "user12": {
    "project_name1": "CoryTech",
    "password": "$Nickolas4974",
    "full_name": "Tommy Powlowski",
    "org_name": "Ryan-Breitenberg",
    "project_id1": "939524661",
    "username": "TPowlowski"
  },
  "user56": {
    "project_name1": "VincenzoTech",
    "password": "$Odell0296",
    "full_name": "Antione Carroll",
    "org_name": "Green Inc",
    "project_id1": "939524667",
    "username": "ACarroll"
  },
  "user51": {
    "project_name1": "FredrickTech",
    "password": "$Sherly0825",
    "full_name": "Pedro Emard",
    "org_name": "Blick-Rau",
    "project_id1": "939524665",
    "username": "PEmard"
  },
  "user50": {
    "project_name1": "FredrickTech",
    "password": "cprkrlw88",
    "full_name": "Kera Jenkins",
    "org_name": "Blick-Rau",
    "username": "terrell.tromp",
    "project_id1": "939524665"
  },
  "smoke_user2": {
    "project_name1": "KanlamTemp",
    "password": "$Charlotte2413",
    "full_name": "Nichelle Reichert",
    "org_name": "Metz Inc",
    "project_id1": "1879051803",
    "username": "NReichert"
  },
  "smoke_user1": {
    "project_name1": "KeriTech",
    "project_name2": "HalTech",
    "password": "j6xyydnrk3djs8",
    "full_name": "Claudio Barton",
    "org_name": "Hahn Group",
    "project_id2": "939524652",
    "username": "michel.hodkiewicz",
    "project_id1": "939524649"
  },
  "smoke_user6": {
    "project_name1": "GaleTech",
    "project_name2": "KeriTech",
    "password": "iu3bh055n8",
    "full_name": "Shaunte King",
    "org_name": "Stiedemann, Zboncak and Baumbach",
    "project_id2": "939524649",
    "username": "jerome.gottlieb",
    "project_id1": "939524651"
  },
  "smoke_user5": {
    "project_name1": "KeriTech",
    "password": "$Christoper2614",
    "full_name": "Federico Barton",
    "org_name": "Hahn Group",
    "project_id1": "939524649",
    "username": "FBarton"
  },
  "smoke_user4": {
    "project_name1": "RollandTech",
    "project_name2": "KeriTech",
    "password": "jm71dx992n48",
    "full_name": "Sina Gutmann",
    "org_name": "Monahan-Turner",
    "project_id1": "939524650",
    "username": "emmy.rippin"
  },
  "smoke_user3": {
    "password": "f1p0nyx28",
    "full_name": "Barbie Lubowitz",
    "org_name": "Stark, Williamson and Hilll",
    "username": "latrisha.stehr"
  },
  "user210": {
    "project_name1": "MarvCartwr",
    "password": "n5ku5g5mgpwtk823",
    "full_name": "Donnie Kreiger",
    "org_name": "Hoppe-Deckow",
    "username": "Donnie.Kreiger",
    "project_id1": "939524869"
  },
  "user211": {
    "project_name1": "MarvCartwr",
    "password": "$bRiG71Wgd5644",
    "full_name": "Vaughn Weissnat",
    "org_name": "Hoppe-Deckow",
    "project_id1": "939524869",
    "username": "VWeissnat"
  },
  "user44": {
    "project_name1": "FerminaTech",
    "password": "$Jenelle2833",
    "full_name": "Ramonita Ziemann",
    "org_name": "Ankunding-Rath",
    "project_id1": "939524663",
    "username": "RZiemann"
  },
  "user43": {
    "project_name1": "FerminaTech",
    "password": "72cbgqbf8",
    "full_name": "Ada Johns",
    "org_name": "Ankunding-Rath",
    "username": "roxann.mitchell",
    "project_id1": "939524663"
  },
  "user42": {
    "project_name1": "GarfieldTech",
    "password": "$Tobias5710",
    "full_name": "Jesse Gottlieb",
    "org_name": "Thiel, Jenkins and Kunde",
    "project_id1": "939524662",
    "username": "JGottlieb"
  },
  "user41": {
    "project_name1": "GarfieldTech",
    "password": "5ks8vtgi8",
    "full_name": "Keenan Mertz",
    "org_name": "Thiel, Jenkins and Kunde",
    "username": "lekisha.aufderhar",
    "project_id1": "939524662"
  },
  "user48": {
    "project_name1": "GarfieldTech",
    "password": "$Gabriela7235",
    "full_name": "Karey Pollich",
    "org_name": "Thiel, Jenkins and Kunde",
    "project_id1": "939524662",
    "username": "KPollich"
  },
  "user47": {
    "project_name1": "GarfieldTech",
    "password": "$Dong6080",
    "full_name": "Max Hilll",
    "org_name": "Thiel, Jenkins and Kunde",
    "project_id1": "939524662",
    "username": "MHilll"
  },
  "user46": {
    "project_name1": "DaneTech",
    "password": "$Delmer4354",
    "full_name": "Reed Hyatt",
    "org_name": "Schmidt Inc",
    "project_id1": "939524664",
    "username": "RHyatt"
  },
  "user45": {
    "project_name1": "DaneTech",
    "password": "byljq0gv8xwl6f48",
    "full_name": "Dirk Klein",
    "org_name": "Schmidt Inc",
    "username": "micheline.reilly",
    "project_id1": "939524664"
  },
  "user203": {
    "project_name1": "RickLedner",
    "password": "$2q933likT2755",
    "project_name3": "HarrCassin",
    "full_name": "Junior Morar",
    "org_name": "Keeling-Fadel",
    "project_id3": "939524847",
    "project_id1": "939524866",
    "username": "JMorar"
  },
  "user202": {
    "project_name1": "RickLedner",
    "project_name2": "EthaBerge",
    "password": "jlc31dk1fli3x823",
    "project_name3": "HarrCassin",
    "full_name": "Taisha Jaskolski",
    "org_name": "Keeling-Fadel",
    "project_id3": "939524847",
    "project_id2": "939524857",
    "username": "Taisha.Jaskolski",
    "project_id1": "939524866"
  },
  "user206": {
    "full_name": "James Hunt",
    "username": "James Hunt"
  },
  "user49": {
    "project_name1": "GarfieldTech",
    "password": "$Gus1220",
    "full_name": "Reynalda Spinka",
    "org_name": "Thiel, Jenkins and Kunde",
    "project_id1": "939524662",
    "username": "RSpinka"
  },
  "user30": {
    "project_name1": "TinJob",
    "password": "$Taneka4370",
    "full_name": "Raguel Schowalter",
    "org_name": "Bogisich, Connelly and Gaylord",
    "project_id1": "1879051730",
    "username": "RSchowalter"
  },
  "user195": {
    "project_name1": "AldeCrooks",
    "password": "$aj6SgpJ72489",
    "full_name": "Jannette Lindgren",
    "org_name": "Balistreri, Wisozk and Kub",
    "project_id1": "939524851",
    "username": "JLindgren"
  },
  "user196": {
    "project_name1": "AubrBauch",
    "password": "fza18ov3823",
    "project_name3": "AldeCrooks",
    "full_name": "Owen Kunze",
    "org_name": "Grady Group",
    "project_id3": "939524851",
    "username": "Owen.Kunze",
    "project_id1": "939524859"
  },
  "user193": {
    "project_name1": "AldeCrooks",
    "password": "$3TXhuh8u76417",
    "full_name": "Kraig Rowe",
    "org_name": "Balistreri, Wisozk and Kub",
    "project_id1": "939524851",
    "username": "KRowe"
  },
  "user194": {
    "project_name1": "AldeCrooks",
    "password": "$3IYD9c8a9680",
    "full_name": "Vena Schimmel",
    "org_name": "Balistreri, Wisozk and Kub",
    "project_id1": "939524851",
    "username": "VSchimmel"
  },
  "user199": {
    "project_name1": "CarlBeahan",
    "password": "$dn9yHrDQz2229",
    "project_name3": "AldeCrooks",
    "full_name": "Stevie Friesen",
    "org_name": "Carter, Nolan and Hand",
    "project_id3": "939524851",
    "project_id1": "939524860",
    "username": "SFriesen"
  },
  "user197": {
    "project_name1": "CarlBeahan",
    "password": "59hh37nm56823",
    "project_name3": "AldeCrooks",
    "full_name": "Manual Predovic",
    "org_name": "Carter, Nolan and Hand",
    "project_id3": "939524851",
    "username": "Manual.Predovic",
    "project_id1": "939524860"
  },
  "user198": {
    "project_name1": "AubrBauch",
    "password": "$32vrZ85U4122",
    "project_name3": "AldeCrooks",
    "full_name": "Viki Swaniawski",
    "org_name": "Grady Group",
    "project_id3": "939524851",
    "username": "VSwaniawski",
    "project_id1": "939524859"
  },
  "user1": {
    "project_name1": "IndiaTech",
    "itemsTypeProject_name1": "MarcoTech",
    "issuesTypeProject_name1": "ElijahTech",
    "defectsTypeProject_name1": "JeanettTech",
    "issuesTypeProject_id1": "939524656",
    "defectsTypeProject_id1": "939524657",
    "project_id1": "939524654",
    "password": "ur5w8nhgl81ebdy8",
    "full_name": "Lucas Hahn",
    "assetsTypeProject_name1": "EldonTech",
    "itemsTypeProject_id1": "939524658",
    "assetsTypeProject_id1": "939524655",
    "interfaceTypeProject_name1": "CarmanTech",
    "org_name": "Sauer, Greenholt and McCullough",
    "interfaceTypeProject_id1": "939524659",
    "username": "elvin.schoen"
  },
  "user22": {
    "project_name1": "AlonsoTech",
    "password": "$Shaunna5630",
    "full_name": "Winston Zboncak",
    "org_name": "Morissette, Gerhold and Berge",
    "project_id1": "939524668",
    "username": "WZboncak"
  },
  "user2": {
    "project_name1": "IndiaTech",
    "itemsTypeProject_name1": "MarcoTech",
    "issuesTypeProject_name1": "ElijahTech",
    "defectsTypeProject_name1": "JeanettTech",
    "issuesTypeProject_id1": "939524656",
    "defectsTypeProject_id1": "939524657",
    "project_id1": "939524654",
    "password": "$Charles8301",
    "full_name": "Vince Paucek",
    "assetsTypeProject_name1": "EldonTech",
    "itemsTypeProject_id1": "939524658",
    "assetsTypeProject_id1": "939524655",
    "interfaceTypeProject_name1": "CarmanTech",
    "org_name": "Sauer, Greenholt and McCullough",
    "interfaceTypeProject_id1": "939524659",
    "username": "VPaucek"
  },
  "user21": {
    "project_name1": "AlonsoTech",
    "password": "pxnxknekve19ppw8",
    "full_name": "Carmela Cruickshank",
    "org_name": "Morissette, Gerhold and Berge",
    "username": "janine.graham",
    "project_id1": "939524668"
  },
  "user26": {
    "project_name1": "CarmellaTech",
    "password": "$Alisia5070",
    "full_name": "Juana Tremblay",
    "org_name": "Bosco Inc",
    "project_id1": "939524669",
    "username": "JTremblay"
  },
  "user191": {
    "project_name1": "AldeCrooks",
    "password": "$868EG4Bk5433",
    "full_name": "Michal Maggio",
    "org_name": "Balistreri, Wisozk and Kub",
    "project_id1": "939524851",
    "username": "MMaggio"
  },
  "user25": {
    "project_name1": "CarmellaTech",
    "password": "$Joshua8593",
    "full_name": "Ismael Krajcik",
    "org_name": "Bosco Inc",
    "project_id1": "939524669",
    "username": "IKrajcik"
  },
  "user192": {
    "project_name1": "AldeCrooks",
    "password": "$4Vv3Sqgb9819",
    "full_name": "Reinaldo Lemke",
    "org_name": "Balistreri, Wisozk and Kub",
    "project_id1": "939524851",
    "username": "RLemke"
  },
  "user24": {
    "project_name1": "CarmellaTech",
    "project_name2": "FixSan",
    "password": "98ofvumkrkm02o8",
    "full_name": "Lisbeth Renner",
    "org_name": "Bosco Inc",
    "username": "marietta.crist",
    "project_id1": "939524669"
  },
  "user23": {
    "project_name1": "AlonsoTech",
    "password": "$Versie1243",
    "full_name": "Sharon McCullough",
    "org_name": "Morissette, Gerhold and Berge",
    "project_id1": "939524668",
    "username": "SMcCullough"
  },
  "user190": {
    "project_name1": "AldeCrooks",
    "project_name2": "StacHowea",
    "project_name3": "HarrCassin",
    "password": "1w8j2fg2ulqs45823",
    "full_name": "Dale Frami",
    "org_name": "Balistreri, Wisozk and Kub",
    "project_id3": "939524847",
    "project_id2": "939524852",
    "username": "Dale.Frami",
    "project_id1": "939524851"
  },
  "user9": {
    "project_name1": "CoryTech",
    "password": "jjr3nfs18",
    "full_name": "Joya Mills",
    "org_name": "Ryan-Breitenberg",
    "username": "melany.koss",
    "project_id1": "939524661"
  },
  "user7": {
    "project_name1": "JesusTech",
    "project_name2": "Job",
    "password": "$Corrinne5763",
    "full_name": "Fred Rau",
    "org_name": "Cormier-Langosh",
    "project_id2": "1879051550",
    "project_id1": "939524660",
    "username": "FRau"
  },
  "user8": {
    "project_name1": "JesusTech",
    "project_name2": "Job",
    "password": "43vuj1tzzx58",
    "full_name": "Luciano Gusikowski",
    "org_name": "Cormier-Langosh",
    "project_id2": "1879051550",
    "project_id1": "939524660",
    "username": "LGusikowski"
  },
  "user5": {
    "project_name1": "JesusTech",
    "project_name2": "Job",
    "password": "woiyxau2kha5h8",
    "full_name": "Herlinda Thompson",
    "org_name": "Cormier-Langosh",
    "project_id2": "1879051550",
    "username": "dexter.oconnell",
    "project_id1": "939524660"
  },
  "user6": {
    "project_name1": "JesusTech",
    "project_name2": "Job",
    "password": "$Fleta4766",
    "full_name": "Tomas Ortiz",
    "org_name": "Cormier-Langosh",
    "project_id2": "1879051550",
    "project_id1": "939524660",
    "username": "TOrtiz"
  },
  "user3": {
    "project_name1": "IndiaTech",
    "itemsTypeProject_name1": "MarcoTech",
    "issuesTypeProject_name1": "ElijahTech",
    "defectsTypeProject_name1": "JeanettTech",
    "issuesTypeProject_id1": "939524656",
    "defectsTypeProject_id1": "939524657",
    "project_id1": "939524654",
    "password": "$Lavern0078",
    "full_name": "Laura Bernhard",
    "assetsTypeProject_name1": "EldonTech",
    "itemsTypeProject_id1": "939524658",
    "assetsTypeProject_id1": "939524655",
    "interfaceTypeProject_name1": "CarmanTech",
    "org_name": "Sauer, Greenholt and McCullough",
    "interfaceTypeProject_id1": "939524659",
    "username": "LBernhard"
  },
  "user4": {
    "project_name1": "IndiaTech",
    "itemsTypeProject_name1": "MarcoTech",
    "issuesTypeProject_name1": "ElijahTech",
    "defectsTypeProject_name1": "JeanettTech",
    "issuesTypeProject_id1": "939524656",
    "defectsTypeProject_id1": "939524657",
    "project_id1": "939524654",
    "password": "$Celinda5760",
    "full_name": "Odell Becker",
    "assetsTypeProject_name1": "EldonTech",
    "itemsTypeProject_id1": "939524658",
    "assetsTypeProject_id1": "939524655",
    "interfaceTypeProject_name1": "CarmanTech",
    "org_name": "Sauer, Greenholt and McCullough",
    "interfaceTypeProject_id1": "939524659",
    "username": "OBecker"
  },
  "user29": {
    "project_name1": "VickiTech",
    "password": "$Sibyl8713",
    "full_name": "Broderick Windler",
    "org_name": "Haag Inc",
    "project_id1": "939524670",
    "username": "BWindler"
  },
  "user28": {
    "project_name1": "VickiTech",
    "password": "$Tyrone9112",
    "full_name": "Tamie Schmeler",
    "org_name": "Haag Inc",
    "project_id1": "939524670",
    "username": "TSchmeler"
  },
  "user27": {
    "project_name1": "VickiTech",
    "project_name2": "FixSan",
    "password": "4yhao6poyf8",
    "full_name": "Nancee Haag",
    "org_name": "Haag Inc",
    "username": "carmen.erdman",
    "project_id1": "939524670"
  },
  "user188": {
    "project_name1": "HarrCassin",
    "password": "$js7uB40q1522",
    "full_name": "Emilee Lakin",
    "org_name": "Beahan, Ratke and Bogan",
    "project_id1": "939524847",
    "username": "ELakin"
  },
  "user189": {
    "project_name1": "HarrCassin",
    "password": "$OfIbesAd6246",
    "full_name": "Candi Wolff",
    "org_name": "Beahan, Ratke and Bogan",
    "project_id1": "939524847",
    "username": "CWolff"
  },
  "user187": {
    "project_name1": "HarrCassin",
    "project_name2": "GarlJones",
    "password": "ndu8lhxged6f823",
    "full_name": "Raye Hagenes",
    "org_name": "Beahan, Ratke and Bogan",
    "project_id2": "939524848",
    "username": "Raye.Hagenes",
    "project_id1": "939524847"
  }
}