{
  "wf_7": {
    "template_name": "template23-11-07-28",
    "workflow_id": "WF-000056"
  },
  "wf_6": {
    "template_name": "template23-11-06-18",
    "workflow_id": "WF-000055"
  },
  "wf_5": {
    "template_name": "template23-11-04-47",
    "workflow_id": "WF-000054"
  },
  "wf_4": {
    "template_name": "template23-11-03-17",
    "workflow_id": "WF-000053"
  },
  "wf_10": {
    "template_name": "template23-11-11-19",
    "workflow_id": "WF-000059"
  },
  "wftemplate21": {
    "template_name": "template03-18-43-02"
  },
  "wf_3": {
    "template_name": "template23-11-01-45",
    "workflow_id": "WF-000052"
  },
  "wftemplate1": {
    "template_name": "template07-18-26-55"
  },
  "wftemplate2": {
    "template_name": "template07-18-27-53"
  },
  "wf_dv_1": {
    "template_name": "template20-21-42-00",
    "workflow_id": "WF-000015"
  },
  "wf_9": {
    "template_name": "template23-11-10-09",
    "workflow_id": "WF-000058"
  },
  "wf_8": {
    "template_name": "template23-11-08-59",
    "workflow_id": "WF-000057"
  }
}