{
  "document_package_1": {
    "doc_num": "dolore03652"
  },
  "document_jpg_1": {
    "doc_num": "inventor_1842022-12-01"
  },
  "document_txt_1": {
    "doc_num": "voluptas_5372022-12-01"
  },
  "document_png_2": {
    "doc_num": "amet_q24758"
  },
  "document_workflowint_3": {
    "doc_num": "in_aut75526"
  },
  "document_png_1": {
    "doc_num": "aut_uta_8012022-12-01"
  },
  "document_doc_2": {
    "doc_num": "dolori36124"
  },
  "document_doc_1": {
    "doc_num": "quaera80270"
  },
  "document_viewer_1": {
    "doc_num": "tempor01844"
  },
  "document_doc_7": {
    "doc_num": "et_sun22320"
  },
  "document_doc_4": {
    "doc_num": "reicie26619"
  },
  "document_doc_3": {
    "doc_num": "modi_d32915"
  },
  "document_trans_2": {
    "doc_num": "quaera00709"
  },
  "document_doc_6": {
    "doc_num": "id_et\\27248"
  },
  "document_trans_1": {
    "doc_num": "cupidi30621"
  },
  "document_doc_5": {
    "doc_num": "necess18754"
  },
  "document_xls_1": {
    "doc_num": "dolores_972022-12-01"
  },
  "document_sd_1": {
    "doc_num": "modi_n66862"
  },
  "document_mail_2": {
    "doc_num": "nobis_01542"
  },
  "document_mail_1": {
    "doc_num": "assume36495"
  },
  "document_docs_1": {
    "doc_num": "illo_sed_5982022-12-01"
  },
  "document_workflowint_1": {
    "doc_num": "blandi76780"
  },
  "document_workflowint_2": {
    "doc_num": "non_ma74613"
  },
  "document_pdf_2": {
    "doc_num": "et_rer77606"
  },
  "document_pdf_1": {
    "doc_num": "perferen_8582022-12-01"
  }
}