{
  "Org Register Page":
  {
    "Notes Section1": "Note: The user created as part of this registration will be your organization's initial Aconex Administrator. They will be responsible for creating other user accounts and configuring the organization's settings within Aconex.",
    "Notes Section2": "In order for the organization to be able to be invited to projects, they will be visible within the Aconex Global Directory by default - this can be adjusted in future if desired. Contact Aconex Oracle Support for more details.",
    "Terms of use": "You acknowledge and agree that the current Oracle Aconex Cloud Services Terms of Use (\"Terms of Use\") including all incorporated agreements, specifications, and policies referenced therein (available at www.oracle.com/contracts ) will apply to Your use of the Oracle Aconex Cloud Services. Notwithstanding the prior sentence, if You have already executed an Oracle Aconex Cloud Services ordering document or agreement with Oracle and accepted the Terms of Use or other applicable terms, the version of the Terms of Use (or such other terms, if applicable) referenced in the applicable order shall apply for your use of the Aconex Cloud Services for the purposes of the projects under that order only. \"You\" or \"Customer\" as used in this notification refers to the organization the user receiving this notification is registered against in the Oracle Aconex Cloud Services.\n\nThe above will not affect any existing projects, which will continue to be governed by the terms in effect at the time the project was joined or the terms referenced in your order (as applicable).",
    "Terms of consent": "I acknowledge and agree to the above on behalf of the Customer.",
    "What's Next Message 1": "You will receive an email shortly acknowledging our receipt of your organization's registration request.",
    "What's Next Message 2": "Within 24 hours your request will be processed and your organization enabled. We will send another email when this is done."
  },
  "User Creation Page":
  {
    "Success Message": "A draft user account has been created for FirstName LastName\n\nRemember to tell them their login name and password.\nNote: They will be asked to change their password when they login for the first time.",
    "Next Step 1": "Start with a new blank screen and create another user",
    "Next Step 2": "This includes extra information that is filled in by new users when they activate their account"
  },

  "Access Denied Page":
  {
    "Message1": "You must have explicit permission granted to access certain areas of Aconex. For example, only the creator of a project can change the details of that project.",
    "Message2": "If you think you should have permission, please see your organisation administrator so that access can be organised."
  }
}