{
  "document_package_1": {
    "doc_num": "dolore03652"
  },
  "document_jpg_1": {
    "doc_num": "est_qui_2472022-12-01"
  },
  "document_txt_1": {
    "doc_num": "natus_iu_3242022-12-01"
  },
  "document_png_2": {
    "doc_num": "amet_q24758"
  },
  "document_workflowint_3": {
    "doc_num": "in_aut75526"
  },
  "document_png_1": {
    "doc_num": "at_exerc_832022-12-01"
  },
  "document_doc_2": {
    "doc_num": "doloru57385"
  },
  "document_doc_1": {
    "doc_num": "quaera80270"
  },
  "document_viewer_1": {
    "doc_num": "facere89923"
  },
  "document_doc_7": {
    "doc_num": "et_sun22320"
  },
  "document_doc_4": {
    "doc_num": "reicie26619"
  },
  "document_doc_3": {
    "doc_num": "evenie48508"
  },
  "document_trans_2": {
    "doc_num": "quaera00709"
  },
  "document_doc_6": {
    "doc_num": "debitis_8022023-01-12"
  },
  "document_trans_1": {
    "doc_num": "cupidi30621"
  },
  "document_doc_5": {
    "doc_num": "possimus_9982023-01-12"
  },
  "document_xls_1": {
    "doc_num": "mollitia_1652022-12-01"
  },
  "document_sd_1": {
    "doc_num": "ut_cor78793"
  },
  "document_mail_2": {
    "doc_num": "minima96826"
  },
  "document_mail_1": {
    "doc_num": "quisqu34291"
  },
  "document_docs_1": {
    "doc_num": "non_maxi_3492022-12-01"
  },
  "document_workflowint_1": {
    "doc_num": "est_sa36567"
  },
  "document_workflowint_2": {
    "doc_num": "non_ma74613"
  },
  "document_pdf_2": {
    "doc_num": "et_rer77606"
  },
  "document_pdf_1": {
    "doc_num": "sunt_et_9442022-12-01"
  }
}