{
  "document_confidential_3": {
    "doc_num": "Customizable_2020-05-11125952"
  },
  "document2": {
    "doc_num": "neutral_2020-05-19145030"
  },
  "document1": {
    "doc_num": "support_2020-05-28220831",
    "attribute1": "Movies"
  },
  "document_dw_2": {
    "doc_num": "Face to face_2020-05-04202129"
  },
  "document_dr_7": {
    "doc_num": "Self-enabling_2020-06-23111102"
  },
  "document_dv_3": {
    "doc_num": "emulation_2020-06-20214128"
  },
  "document_dw_3": {
    "doc_num": "Face to face_2020-05-04202129"
  },
  "document_dv_4": {
    "doc_num": "needs-based_2020-06-20214142"
  },
  "document_dr_5": {
    "doc_num": "Distributed_2020-06-23110841"
  },
  "document_dv_1": {
    "doc_num": "service-desk_2020-06-20214128"
  },
  "document_dw_1": {
    "doc_num": "Face to face_2020-05-04202129"
  },
  "document_dr_6": {
    "doc_num": "object-oriented_2020-06-23110952"
  },
  "document_dv_2": {
    "doc_num": "neural-net_2020-06-20214254"
  },
  "document_dw_4": {
    "doc_num": "Face to face_2020-05-04202129"
  },
  "document_dv_5": {
    "doc_num": "Configurable_2020-06-19002545"
  },
  "document_dr_3": {
    "doc_num": "dedicated_2020-06-23110430"
  },
  "document_dr_4": {
    "doc_num": "hub_2020-06-23110601"
  },
  "document_dr_1": {
    "doc_num": "Centralized_2020-06-23110128",
    "title": "Schmidt and Sons Doc"
  },
  "document_dr_2": {
    "doc_num": "bandwidth-monitored_2020-06-23110711"
  },
  "document_wf_3": {
    "doc_num": "structure_2020-05-19152602",
    "attribute1": "Industrial \u0026 Outdoors"
  },
  "document_wf_2": {
    "doc_num": "zero tolerance_2020-05-19152602",
    "attribute1": "Industrial \u0026 Outdoors"
  },
  "document_wf_1": {
    "doc_num": "local_2020-05-19145417",
    "attribute1": "Industrial \u0026 Outdoors"
  },
  "document_sd_1": {
    "doc_num": "eco-centric_2020-05-19160318"
  },
  "document_sd_2": {
    "doc_num": "encoding_2020-05-11205433"
  },
  "document_mail_8": {
    "doc_num": "intermediate_2020-05-23181536",
    "attribute1": "Industrial \u0026 Outdoors"
  },
  "document_wf_4": {
    "doc_num": "maximized_2020-05-03184210",
    "attribute1": "Industrial \u0026 Outdoors"
  },
  "document_changemail_1": {
    "doc_num": "project_2020-05-21142630"
  },
  "document_mail_7": {
    "doc_num": "local_2020-05-23181536",
    "attribute1": "Industrial \u0026 Outdoors"
  },
  "document_mail_4": {
    "doc_num": "Compatible_2020-05-23165317",
    "attribute1": "Industrial \u0026 Outdoors"
  },
  "document_changemail_2": {
    "doc_num": "extranet_2020-05-20165051"
  },
  "document_mail_5": {
    "doc_num": "Devolved_2020-05-23181536",
    "attribute1": "Industrial \u0026 Outdoors"
  },
  "document_changemail_3": {
    "doc_num": "logistical_2020-05-22231017"
  },
  "document_mail_2": {
    "doc_num": "upward-trending_2020-05-23162721",
    "attribute1": "Industrial \u0026 Outdoors"
  },
  "document_sm_1": {
    "doc_num": "ACONEXQA-2106"
  },
  "document_mail_3": {
    "doc_num": "Enterprise-wide_2020-05-17001150",
    "attribute1": "Industrial \u0026 Outdoors"
  },
  "document_mail_1": {
    "doc_num": "Networked_9782020-07-13",
    "attribute1": "Industrial \u0026 Outdoors"
  },
  "document_confidential_2": {
    "doc_num": "Inverse_2020-05-11085012",
    "attribute1": "Industrial \u0026 Outdoors"
  },
  "document_confidential_1": {
    "doc_num": "installation_2020-05-11084910",
    "attribute1": "",
    "discipline": "",
    "title": "",
    "revision": "",
    "status": ""
  }
}