{
  "orgId":"",
  "sortBy":"title",
  "sortDirection":"ASC",
  "pageNumber":"1",
  "showDocHistory":"true",
  "returnFields": [
    "docno","title","doctype","statusid","discipline","author","confidential","modifiedby","comments","percentComplete","filename","printSize","comments","revision","revisiondate","versionnumber","reviewStatus","numberOfMarkups","markupLastModifiedDate","plannedSubmissionDate","contractNumber","vendorDocumentNumber","current","attribute1","attribute2","selectlist1"
  ],
  "resultSize":"50",
  "showUploadedByMeOnly":"false",
  "deduplicate":"false",
  "returnTransmittalIds":"false"
}