{
  "document_package_1": {
    "doc_num": "dolore03652"
  },
  "document_jpg_1": {
    "doc_num": "amet_lab_3812022-12-01"
  },
  "document_txt_1": {
    "doc_num": "non_ipsa_8032022-12-01"
  },
  "document_png_2": {
    "doc_num": "amet_q24758"
  },
  "document_workflowint_3": {
    "doc_num": "in_aut75526"
  },
  "document_png_1": {
    "doc_num": "eos_eum_442022-12-01"
  },
  "document_doc_2": {
    "doc_num": "perspi08580"
  },
  "document_doc_1": {
    "doc_num": "quaera80270"
  },
  "document_viewer_1": {
    "doc_num": "aut_ma93981"
  },
  "document_doc_7": {
    "doc_num": "et_sun22320"
  },
  "document_doc_4": {
    "doc_num": "reicie26619"
  },
  "document_doc_3": {
    "doc_num": "quisqu24749"
  },
  "document_trans_2": {
    "doc_num": "quaera00709"
  },
  "document_doc_6": {
    "doc_num": "id_et\\27248"
  },
  "document_trans_1": {
    "doc_num": "cupidi30621"
  },
  "document_doc_5": {
    "doc_num": "necess18754"
  },
  "document_xls_1": {
    "doc_num": "consequa_8982022-12-01"
  },
  "document_sd_1": {
    "doc_num": "conseq37969"
  },
  "document_mail_2": {
    "doc_num": "quia_a67617"
  },
  "document_mail_1": {
    "doc_num": "fugiat67955"
  },
  "document_docs_1": {
    "doc_num": "optio_no_6712022-12-01"
  },
  "document_workflowint_1": {
    "doc_num": "est_sa36567"
  },
  "document_workflowint_2": {
    "doc_num": "non_ma74613"
  },
  "document_pdf_2": {
    "doc_num": "et_rer77606"
  },
  "document_pdf_1": {
    "doc_num": "perspici_4252022-12-01"
  }
}