{
  "documentsap_proj1_doc3": {
    "doc_num": "Subdivision proj01 data",
    "Date Created": "Mar 17, 2022"
  },
  "documentsap_proj1_doc4": {
    "doc_num": "Overall details proj01",
    "Date Created": "Mar 17, 2022"
  },
  "documentsap_proj1_doc1": {
    "doc_num": "Space attribute details prj01",
    "Date Created": "Mar 17, 2022"
  },
  "documentsap_proj1_doc2": {
    "doc_num": "Galaxy attribute details prj01",
    "Date Created": "Mar 17, 2022"
  },
  "documentworkflowReport3": {
    "doc_num": "wf_report_ST_03",
    "Date Created": "Mar 17, 2022"
  },
  "documentworkflowReport2": {
    "doc_num": "wf_report_ST_02",
    "Date Created": "Mar 17, 2022"
  },
  "documentworkflowReport4": {
    "doc_num": "wf_report_ST_04",
    "Date Created": "Mar 17, 2022"
  },
  "documentworkflowReport1": {
    "doc_num": "wf_report_ST_01",
    "Date Created": "Mar 17, 2022"
  },
  "documentsap_proj2_doc1": {
    "doc_num": "Sales report proj2 Q1",
    "Date Created": "Mar 17, 2022"
  },
  "documentsap_proj5_doc2": {
    "doc_num": "Divisional report proj5 22",
    "Date Created": "Mar 17, 2022"
  },
  "documentsap_proj5_doc1": {
    "doc_num": "Sales report proj5 Q1",
    "Date Created": "Mar 17, 2022"
  },
  "documentsap_proj5_doc4": {
    "doc_num": "Overall details proj5",
    "Date Created": "Mar 17, 2022"
  },
  "documentsap_proj5_doc3": {
    "doc_num": "Subdivision proj5 data",
    "Date Created": "Mar 17, 2022"
  },
  "documentsap_proj2_doc4": {
    "doc_num": "Overall details proj2",
    "Date Created": "Mar 17, 2022"
  },
  "documentsap_proj2_doc3": {
    "doc_num": "Subdivision proj2 data",
    "Date Created": "Mar 17, 2022"
  },
  "documentsap_proj2_doc2": {
    "doc_num": "Divisional report proj2 22",
    "Date Created": "Mar 17, 2022"
  },
  "documentsap_proj4_doc4": {
    "doc_num": "Overall details proj4",
    "Date Created": "Mar 17, 2022"
  },
  "documentsap_proj4_doc1": {
    "doc_num": "Sales report proj4 Q1",
    "Date Created": "Mar 17, 2022"
  },
  "documentsap_proj4_doc2": {
    "doc_num": "Divisional report proj4 22",
    "Date Created": "Mar 17, 2022"
  },
  "documentsap_proj4_doc3": {
    "doc_num": "Subdivision proj4 data",
    "Date Created": "Mar 17, 2022"
  },
  "documentcreateReport3": {
    "doc_num": "Budget Plan 23",
    "Date Created": "Mar 17, 2022"
  },
  "documentcreateReport4": {
    "doc_num": "Docu !@#$ %^\u0026* ()",
    "Date Created": "Mar 17, 2022"
  },
  "documentcreateReport5": {
    "doc_num": "CONT-000002",
    "Date Created": "Mar 17, 2022"
  },
  "documentcreateReport_mail1": {
    "doc_num": "Audit 21 Q4",
    "Date Created": "Mar 17, 2022"
  },
  "documentsap_proj3_doc4": {
    "doc_num": "Overall details proj3",
    "Date Created": "Mar 17, 2022"
  },
  "documentcreateReport6": {
    "doc_num": "DDT_02_NT",
    "Date Created": "Mar 17, 2022"
  },
  "documentcreateReport_mail2": {
    "doc_num": "Budget Plan 22",
    "Date Created": "Mar 17, 2022"
  },
  "documentsap_proj3_doc3": {
    "doc_num": "Subdivision proj3 data",
    "Date Created": "Mar 17, 2022"
  },
  "documentcreateReport7": {
    "doc_num": "Mat_Details_Phase1",
    "Date Created": "Mar 17, 2022"
  },
  "documentsaveasReport8": {
    "doc_num": "RPT-000001",
    "Date Created": "Mar 17, 2022"
  },
  "documentsap_proj3_doc2": {
    "doc_num": "Divisional report proj3 22",
    "Date Created": "Mar 17, 2022"
  },
  "documentsap_proj6_doc4": {
    "doc_num": "Overall details proj6",
    "Date Created": "Mar 17, 2022"
  },
  "documentcreateReport8": {
    "doc_num": "RPT-000001",
    "Date Created": "Mar 17, 2022"
  },
  "documentsap_proj3_doc1": {
    "doc_num": "Sales report proj3 Q1",
    "Date Created": "Mar 17, 2022"
  },
  "documentcreateReport9": {
    "doc_num": "RPT-Confidential_1",
    "Date Created": "Mar 17, 2022"
  },
  "documentsaveasReport6": {
    "doc_num": "DDT_02_NT",
    "Date Created": "Mar 17, 2022"
  },
  "documentsap_proj6_doc2": {
    "doc_num": "Divisional report proj6 22",
    "Date Created": "Mar 17, 2022"
  },
  "documentsaveasReport7": {
    "doc_num": "Mat_Details_Phase1",
    "Date Created": "Mar 17, 2022"
  },
  "documentsap_proj6_doc3": {
    "doc_num": "Subdivision proj6 data",
    "Date Created": "Mar 17, 2022"
  },
  "documentcreateReport_mail7": {
    "doc_num": "Mat_Details_Phase1",
    "Date Created": "Mar 17, 2022"
  },
  "documenteditlayout2": {
    "doc_num": "Budget Plan 22",
    "Date Created": "Mar 17, 2022"
  },
  "documentsaveasReport4": {
    "doc_num": "CONT-000001",
    "Date Created": "Mar 17, 2022"
  },
  "documentcreateReport_mail8": {
    "doc_num": "RPT-000001",
    "Date Created": "Mar 17, 2022"
  },
  "documenteditlayout1": {
    "doc_num": "Audit 21 Q4",
    "Date Created": "Mar 17, 2022"
  },
  "documentsaveasReport5": {
    "doc_num": "CONT-000002",
    "Date Created": "Mar 17, 2022"
  },
  "documentsap_proj6_doc1": {
    "doc_num": "Sales report proj6 Q1",
    "Date Created": "Mar 17, 2022"
  },
  "documentcreateReport_mail9": {
    "doc_num": "RPT-Confidential_1",
    "Date Created": "Mar 17, 2022"
  },
  "documentsaveasReport2": {
    "doc_num": "Budget Plan 22",
    "Date Created": "Mar 17, 2022"
  },
  "documentsaveasReport3": {
    "doc_num": "Budget Plan 23",
    "Date Created": "Mar 17, 2022"
  },
  "documentcreateReport_mail3": {
    "doc_num": "Budget Plan 23",
    "Date Created": "Mar 17, 2022"
  },
  "documentcreateReport_mail4": {
    "doc_num": "Docu !@#$ %^\u0026* ()",
    "Date Created": "Mar 17, 2022"
  },
  "documentsaveasReport1": {
    "doc_num": "Audit 21 Q4",
    "Date Created": "Mar 17, 2022"
  },
  "documentcreateReport1": {
    "doc_num": "Audit 21 Q4",
    "Date Created": "Mar 17, 2022"
  },
  "documentcreateReport_mail5": {
    "doc_num": "CONT-000002",
    "Date Created": "Mar 17, 2022"
  },
  "documentcreateReport2": {
    "doc_num": "Budget Plan 22",
    "Date Created": "Mar 17, 2022"
  },
  "documentcreateReport_mail6": {
    "doc_num": "DDT_02_NT",
    "Date Created": "Mar 17, 2022"
  },
  "documenteditlayout3": {
    "doc_num": "Budget Plan 23",
    "Date Created": "Mar 17, 2022"
  }
}