{
  "mail_reports_sap1": {
    "mail_num": "SGR-RFI-000002",
    "Due Date": "Dec 31, 2022",
    "Sent Date": "Mar 17, 2022"
  },
  "mail_reports2": {
    "mail_num": "MADAMS-RFI-000002",
    "Due Date": "Dec 31, 2022",
    "Sent Date": "Mar 17, 2022"
  },
  "mail_reports_sap4": {
    "mail_num": "SGR-RFI-000003",
    "Due Date": "Dec 31, 2022",
    "Sent Date": "Mar 17, 2022"
  },
  "mail_reports1": {
    "mail_num": "MADAMS-RFI-000001",
    "Due Date": "Dec 31, 2022",
    "Sent Date": "Mar 17, 2022"
  },
  "mail_reports_sap2": {
    "mail_num": "SGR-RFI-000003",
    "Due Date": "Dec 31, 2022",
    "Sent Date": "Mar 17, 2022"
  },
  "mail_reports_sap3": {
    "mail_num": "SGR-RFI-000002",
    "Due Date": "Dec 31, 2022",
    "Sent Date": "Mar 17, 2022"
  },
  "mail_reports6": {
    "mail_num": "MADAMS-RFI-000004",
    "Due Date": "Dec 31, 2022",
    "Sent Date": "Mar 21, 2022"
  },
  "mail_reports5": {
    "mail_num": "MADAMS-RFI-000003",
    "Due Date": "Dec 31, 2022",
    "Sent Date": "Mar 21, 2022"
  },
  "mail_reports4": {
    "mail_num": "MADAMS-TRANSMIT-000002",
    "Due Date": "Dec 31, 2022",
    "Sent Date": "Mar 21, 2022"
  },
  "mail_reports3": {
    "mail_num": "MADAMS-TRANSMIT-000001",
    "Due Date": "Dec 31, 2022",
    "Sent Date": "Mar 21, 2022"
  }
}