{
  "reportsUser_permissionsTest_3": {
    "project_name1": "GeriSpence",
    "password": "$Shayna2649",
    "full_name": "Goldy Samor",
    "userIdentifier": "1879050646",
    "org_name": "eRogahn, Heller and McClure",
    "project_id1": "1879048741",
    "username": "SLangosh"
  },
  "reportuser_sap02": {
    "password": "$Ginette2977",
    "project_name3": "LarrHuelH",
    "full_name": "Marie Stefens",
    "userIdentifier": "1879050649",
    "org_name": "sGusikowski-Rohan",
    "project_id3": "1879048749",
    "username": "DKshlerin"
  },
  "reportsUser_permissionsTest_2": {
    "project_name1": "GeriSpence",
    "password": "$Ela4021",
    "full_name": "Dhyan Chand",
    "userIdentifier": "1879050645",
    "org_name": "eRogahn, Heller and McClure",
    "project_id1": "1879048741",
    "username": "TKozey"
  },
  "reportuser_sap03": {
    "password": "$Olin1165",
    "project_name4": "DoraFahey",
    "full_name": "Ali Shaikh",
    "userIdentifier": "1879050650",
    "org_name": "sGusikowski-Rohan",
    "project_id4": "1879048750",
    "username": "DKovacek"
  },
  "user_reports_wf": {
    "project_name1": "RachChampl",
    "password": "$Erin7805",
    "full_name": "Jeff Marker",
    "userIdentifier": "1879050632",
    "org_name": "wNolan, McLaughlin and Dibbert",
    "project_id1": "1879048744",
    "username": "GCummerata"
  },
  "reportuser_sap04": {
    "password": "$Jamel1361",
    "full_name": "Benjamin Hauf",
    "project_name5": "RosaSimoni",
    "userIdentifier": "1879050651",
    "project_id5": "1879048751",
    "org_name": "sGusikowski-Rohan",
    "username": "RMills"
  },
  "saveAs_orgAdmin": {
    "project_name1": "VernRyan",
    "password": "4r3npbw48",
    "full_name": "Sam Stone",
    "org_name": "sHeaney LLC",
    "username": "mac.emmerich",
    "project_id1": "1879048742"
  },
  "reportsUser_permissionsTest_4": {
    "project_name1": "GeriSpence",
    "password": "$Carman1386",
    "full_name": "Alvin Drek",
    "userIdentifier": "1879050647",
    "org_name": "eRogahn, Heller and McClure",
    "project_id1": "1879048741",
    "username": "DHirthe"
  },
  "reportuser_sap05": {
    "password": "$Claud3183",
    "full_name": "Richard Patrick",
    "userIdentifier": "1879050652",
    "project_name6": "TimoOlson",
    "project_id6": "1879048752",
    "org_name": "sGusikowski-Rohan",
    "username": "SSauer"
  },
  "reportsUser_permissionsTest_1": {
    "project_name1": "GeriSpence",
    "password": "$Peggie8471",
    "full_name": "Robert Shreg",
    "userIdentifier": "1879050644",
    "org_name": "eRogahn, Heller and McClure",
    "project_id1": "1879048741",
    "username": "SJohnson"
  },
  "reportuser_sap01": {
    "project_name2": "DaveUpton",
    "password": "$Clyde4172",
    "full_name": "Charlie Remo",
    "userIdentifier": "1879050648",
    "org_name": "sGusikowski-Rohan",
    "project_id2": "1879048748",
    "username": "DMuller"
  },
  "reportsUser_saveAs": {
    "project_name1": "VernRyan",
    "password": "$Jere8234",
    "full_name": "Glen Smith",
    "userIdentifier": "1879050628",
    "org_name": "sHeaney LLC",
    "project_id1": "1879048742",
    "username": "ADicki"
  },
  "saptest_orgAdmin": {
    "project_name1": "LewiWeissn",
    "project_name2": "DaveUpton",
    "project_name3": "LarrHuelH",
    "project_name4": "DoraFahey",
    "project_name5": "RosaSimoni",
    "project_name6": "TimoOlson",
    "project_id6": "1879048752",
    "project_id5": "1879048751",
    "project_id4": "1879048750",
    "project_id3": "1879048749",
    "project_id2": "1879048748",
    "project_id1": "1879048746",
    "password": "taigpxc24gmp8",
    "full_name": "Rimi Devort",
    "org_name": "sGusikowski-Rohan",
    "username": "carmon.buckridge"
  },
  "reportsUser_doc": {
    "project_name1": "LoueLangwo",
    "password": "$Pedro5465",
    "full_name": "Ron Sanders",
    "userIdentifier": "1879050624",
    "org_name": "cMacejkovic-Berge",
    "project_id1": "1879048740",
    "username": "EStanton"
  },
  "extra_user_reports_wf": {
    "project_name1": "LaraGrant",
    "password": "$Alphonse4405",
    "full_name": "Roger Holmes",
    "userIdentifier": "1879050634",
    "org_name": "vJohns, Berge and Krajcik",
    "project_id1": "1879048745",
    "username": "BPowlowski"
  },
  "CreateReport_french_user": {
    "project_name1": "LoueLangwo",
    "password": "$Levi1044",
    "full_name": "Pablo Escobar",
    "userIdentifier": "1879050653",
    "org_name": "cMacejkovic-Berge",
    "project_id1": "1879048740",
    "username": "DMorar"
  },
  "tenderextrauser2": {
    "project_name1": "ElnaSwania",
    "password": "$Denis7776",
    "full_name": "Antoine Buckridge",
    "userIdentifier": "1879050639",
    "org_name": "eSchultz-Lubowitz",
    "project_id1": "1879048747",
    "username": "HMarvin"
  },
  "tenderextrauser1": {
    "project_name1": "ElnaSwania",
    "password": "$Ellis5438",
    "full_name": "Kena Yost",
    "userIdentifier": "1879050638",
    "org_name": "eSchultz-Lubowitz",
    "project_id1": "1879048747",
    "username": "FMoore"
  },
  "vworkflow_extra_orgAdmin": {
    "project_name1": "LaraGrant",
    "password": "9ohtcr3ymj10a6z8",
    "full_name": "Brosel Harle",
    "org_name": "vJohns, Berge and Krajcik",
    "username": "honey.towne",
    "project_id1": "1879048745"
  },
  "reportsUser_editLayout": {
    "project_name1": "GeriSpence",
    "password": "$Deirdre7738",
    "full_name": "Gem Stross",
    "userIdentifier": "1879050626",
    "org_name": "eRogahn, Heller and McClure",
    "project_id1": "1879048741",
    "username": "ASchoen"
  },
  "creatReport_orgAdmin": {
    "project_name1": "LoueLangwo",
    "project_name2": "LoueLangwo",
    "password": "8rjiqcpl0arprdf8",
    "full_name": "Simon Wilson",
    "org_name": "cMacejkovic-Berge",
    "username": "trina.sporer",
    "project_id1": "1879048740"
  },
  "reportsUser_mail02": {
    "project_name1": "ChriKuphal",
    "password": "$Willie4053",
    "full_name": "Brett Lee",
    "userIdentifier": "1879050640",
    "org_name": "mAdams and Sons",
    "project_id1": "1879048743",
    "username": "JHoppe"
  },
  "mail_orgAdmin": {
    "project_name1": "ChriKuphal",
    "password": "t8j2ji97d2bktr8",
    "full_name": "Gems Lenne",
    "org_name": "mAdams and Sons",
    "username": "lilli.simonis",
    "project_id1": "1879048743"
  },
  "editLayout_orgAdmin": {
    "project_name1": "GeriSpence",
    "password": "93creepmx8",
    "full_name": "Jemmy Bill",
    "org_name": "eRogahn, Heller and McClure",
    "username": "john.kertzmann",
    "project_id1": "1879048741"
  },
  "CreateReport_sampleUser5": {
    "project_name1": "LoueLangwo",
    "password": "$Louie9315",
    "full_name": "Rock Ford",
    "userIdentifier": "1879050643",
    "org_name": "cMacejkovic-Berge",
    "project_id1": "1879048740",
    "username": "YRunolfsson"
  },
  "CreateReport_sampleUser4": {
    "project_name1": "LoueLangwo",
    "password": "$Toney3407",
    "full_name": "John Red",
    "userIdentifier": "1879050642",
    "org_name": "cMacejkovic-Berge",
    "project_id1": "1879048740",
    "username": "KSchaden"
  },
  "reportuser_sap_testuser": {
    "project_name1": "LewiWeissn",
    "password": "$Gregorio0001",
    "full_name": "Jenny Wilson",
    "userIdentifier": "1879050636",
    "org_name": "sGusikowski-Rohan",
    "project_id1": "1879048746",
    "username": "VGleichner"
  },
  "workflow_orgAdmin": {
    "project_name1": "RachChampl",
    "password": "nb4zmfqh8",
    "full_name": "Saren Lopes",
    "org_name": "wNolan, McLaughlin and Dibbert",
    "username": "evelynn.schoen",
    "project_id1": "1879048744"
  },
  "reportsUser_mail": {
    "project_name1": "ChriKuphal",
    "password": "$Dusty7685",
    "full_name": "Steve Mark",
    "userIdentifier": "1879050630",
    "org_name": "mAdams and Sons",
    "project_id1": "1879048743",
    "username": "TKoss"
  },
  "extraorgadmin1": {
    "project_name1": "ElnaSwania",
    "password": "m8afcly7mru8",
    "full_name": "Dora Putin",
    "org_name": "eSchultz-Lubowitz",
    "username": "eli.bauch",
    "project_id1": "1879048747"
  },
  "CreateReport_sampleUser3": {
    "project_name1": "LoueLangwo",
    "password": "$Echo2823",
    "full_name": "Sen Wilson",
    "userIdentifier": "1879050641",
    "org_name": "cMacejkovic-Berge",
    "project_id1": "1879048740",
    "username": "BFrami"
  }
}