{
  "wf_reports2": {
    "step2_due_date": "Sep 28, 2023",
    "workflow_id": "WF-000002",
    "template_name": "workflow_temp_reports2",
    "original_due_date": "Sep 28, 2023",
    "expected_end_date": "Sep 28, 2023",
    "step1_due_date": "Dec 22, 2022",
    "start_date": "Mar 17, 2022"
  },
  "wf_reports1": {
    "template_name": "workflow_temp_reports1",
    "workflow_id": "WF-000001",
    "original_due_date": "Mar 17, 2022",
    "expected_end_date": "Mar 17, 2022",
    "step1_due_date": "Mar 17, 2022",
    "start_date": "Mar 17, 2022"
  },
  "wf_reports_sap4": {
    "step2_due_date": "Sep 28, 2023",
    "workflow_id": "WF-000002",
    "template_name": "workflow_reports_sap4",
    "original_due_date": "Sep 28, 2023",
    "expected_end_date": "Sep 28, 2023",
    "step1_due_date": "Dec 22, 2022",
    "start_date": "Mar 17, 2022"
  },
  "wf_reports5": {
    "step2_due_date": "Sep 28, 2023",
    "workflow_id": "WF-000005",
    "template_name": "workflow_temp_reports5",
    "original_due_date": "Sep 28, 2023",
    "expected_end_date": "Sep 28, 2023",
    "step1_due_date": "Dec 22, 2022",
    "start_date": "Mar 17, 2022"
  },
  "wf_reports4": {
    "step2_due_date": "Mar 17, 2022",
    "workflow_id": "WF-000004",
    "template_name": "workflow_temp_reports4",
    "original_due_date": "Mar 17, 2022",
    "expected_end_date": "Mar 17, 2022",
    "step1_due_date": "Mar 17, 2022",
    "start_date": "Mar 17, 2022"
  },
  "wf_reports_sap2": {
    "step2_due_date": "Sep 28, 2023",
    "workflow_id": "WF-000002",
    "template_name": "workflow_reports_sap2",
    "original_due_date": "Sep 28, 2023",
    "expected_end_date": "Sep 28, 2023",
    "step1_due_date": "Dec 22, 2022",
    "start_date": "Mar 17, 2022"
  },
  "wf_reports3": {
    "step2_due_date": "Sep 28, 2023",
    "workflow_id": "WF-000003",
    "template_name": "workflow_temp_reports3",
    "original_due_date": "Sep 28, 2023",
    "expected_end_date": "Sep 28, 2023",
    "step1_due_date": "Dec 22, 2022",
    "start_date": "Mar 17, 2022"
  },
  "wf_reports_sap3": {
    "step2_due_date": "Sep 28, 2023",
    "workflow_id": "WF-000001",
    "template_name": "workflow_reports_sap3",
    "original_due_date": "Sep 28, 2023",
    "expected_end_date": "Sep 28, 2023",
    "step1_due_date": "Dec 22, 2022",
    "start_date": "Mar 17, 2022"
  },
  "wf_reports_sap1": {
    "step2_due_date": "Sep 28, 2023",
    "template_name": "workflow_reports_sap1",
    "workflow_id": "WF-000001",
    "original_due_date": "Sep 28, 2023",
    "expected_end_date": "Sep 28, 2023",
    "step1_due_date": "Dec 22, 2022",
    "start_date": "Mar 17, 2022"
  }
}