<?xml version="1.0" encoding="UTF-8"?>
<report_data_model>
    <document>
        <date_approved></date_approved>
        <date_modified>{document#documentworkflowReport1#Date Created#yyyy-MM-dd}</date_modified>
        <category></category>
        <discipline>Procedural</discipline>
        <document_no>wf_report_ST_01</document_no>
        <filename>Sample Document.pdf</filename>
        <review_status>Pending</review_status>
        <revision>A</revision>
        <status>Approved</status>
        <title>Audit done in year 21 Q4</title>
        <version_number>4</version_number>
        <document_workflow_steps>
            <workflow_status>Completed</workflow_status>
            <workflow_no>WF-000001</workflow_no>
            <workflow_name>workflow_temp_reports1</workflow_name>
            <step_status>Completed</step_status>
            <step_name>step1</step_name>
            <days_late>0</days_late>
            <date_in>{workflow#wf_reports1#start_date#yyyy-MM-dd}</date_in>
            <date_due>{workflow#wf_reports1#step1_due_date#yyyy-MM-dd}</date_due>
            <date_completed>{workflow#wf_reports1#original_due_date#yyyy-MM-dd}</date_completed>
            <document_no>wf_report_ST_01</document_no>
            <document_revision>A</document_revision>
        </document_workflow_steps>
        <document_workflow_steps>
            <workflow_status>In Progress</workflow_status>
            <workflow_no>WF-000005</workflow_no>
            <workflow_name>workflow_temp_reports5</workflow_name>
            <step_status>Current</step_status>
            <step_name>step1</step_name>
            <days_late>0</days_late>
            <date_in>{workflow#wf_reports5#start_date#yyyy-MM-dd}</date_in>
            <date_due>{workflow#wf_reports5#step1_due_date#yyyy-MM-dd}</date_due>
            <date_completed></date_completed>
            <document_no>wf_report_ST_01</document_no>
            <document_revision>A</document_revision>
        </document_workflow_steps>
        <document_workflow_steps>
            <workflow_status>In Progress</workflow_status>
            <workflow_no>WF-000005</workflow_no>
            <workflow_name>workflow_temp_reports5</workflow_name>
            <step_status>Forecast</step_status>
            <step_name>step2</step_name>
            <days_late>0</days_late>
            <date_in></date_in>
            <date_due>{workflow#wf_reports5#step2_due_date#yyyy-MM-dd}</date_due>
            <date_completed></date_completed>
            <document_no>wf_report_ST_01</document_no>
            <document_revision>A</document_revision>
        </document_workflow_steps>
    </document>
    <document><date_approved></date_approved><date_modified>{document#documentworkflowReport2#Date Created#yyyy-MM-dd}</date_modified><category></category><discipline>Science</discipline><document_no>wf_report_ST_02</document_no><filename>Sample Document.pdf</filename><review_status>Pending</review_status><revision>B</revision><status>Approved</status><title>Provisional approval letter</title><version_number>2</version_number><document_workflow_steps><workflow_status>In Progress</workflow_status><workflow_no>WF-000002</workflow_no><workflow_name>workflow_temp_reports2</workflow_name><step_status>Current</step_status><step_name>step1</step_name><days_late>0</days_late><date_in>{workflow#wf_reports2#start_date#yyyy-MM-dd}</date_in><date_due>{workflow#wf_reports2#step1_due_date#yyyy-MM-dd}</date_due><date_completed></date_completed><document_no>wf_report_ST_02</document_no><document_revision>B</document_revision></document_workflow_steps><document_workflow_steps><workflow_status>In Progress</workflow_status><workflow_no>WF-000002</workflow_no><workflow_name>workflow_temp_reports2</workflow_name><step_status>Forecast</step_status><step_name>step2</step_name><days_late>0</days_late><date_in></date_in><date_due>{workflow#wf_reports2#step2_due_date#yyyy-MM-dd}</date_due><date_completed></date_completed><document_no>wf_report_ST_02</document_no><document_revision>B</document_revision></document_workflow_steps></document><document><date_approved></date_approved><date_modified>{document#documentworkflowReport3#Date Created#yyyy-MM-dd}</date_modified><category></category><discipline>Procedural</discipline><document_no>wf_report_ST_03</document_no><filename>Sample Document.pdf</filename><review_status>Pending</review_status><revision>C</revision><status>Approved</status><title>Consolidated sales report</title><version_number>2</version_number><document_workflow_steps><workflow_status>In Progress</workflow_status><workflow_no>WF-000003</workflow_no><workflow_name>workflow_temp_reports3</workflow_name><step_status>Current</step_status><step_name>step1</step_name><days_late>0</days_late><date_in>{workflow#wf_reports3#start_date#yyyy-MM-dd}</date_in><date_due>{workflow#wf_reports3#step1_due_date#yyyy-MM-dd}</date_due><date_completed></date_completed><document_no>wf_report_ST_03</document_no><document_revision>C</document_revision></document_workflow_steps><document_workflow_steps><workflow_status>In Progress</workflow_status><workflow_no>WF-000003</workflow_no><workflow_name>workflow_temp_reports3</workflow_name><step_status>Forecast</step_status><step_name>step2</step_name><days_late>0</days_late><date_in></date_in><date_due>{workflow#wf_reports3#step2_due_date#yyyy-MM-dd}</date_due><date_completed></date_completed><document_no>wf_report_ST_03</document_no><document_revision>C</document_revision></document_workflow_steps></document><document><date_approved></date_approved><date_modified>{document#documentworkflowReport4#Date Created#yyyy-MM-dd}</date_modified><category></category><discipline>Procedural</discipline><document_no>wf_report_ST_04</document_no><filename>Sample Document.pdf</filename><review_status>Pending</review_status><revision>1</revision><status>Approved</status><title>Revenue report report</title><version_number>2</version_number><document_workflow_steps><workflow_status>In Progress</workflow_status><workflow_no>WF-000004</workflow_no><workflow_name>workflow_temp_reports4</workflow_name><step_status>Overdue</step_status><step_name>step1</step_name><days_late>{workflow#wf_reports4#days late}</days_late><date_in>{workflow#wf_reports4#start_date#yyyy-MM-dd}</date_in><date_due>{workflow#wf_reports4#step1_due_date#yyyy-MM-dd}</date_due><date_completed></date_completed><document_no>wf_report_ST_04</document_no><document_revision>1</document_revision></document_workflow_steps><document_workflow_steps><workflow_status>In Progress</workflow_status><workflow_no>WF-000004</workflow_no><workflow_name>workflow_temp_reports4</workflow_name><step_status>Forecast</step_status><step_name>step2</step_name><days_late>0</days_late><date_in></date_in><date_due>{workflow#wf_reports4#step2_due_date#yyyy-MM-dd}</date_due><date_completed></date_completed><document_no>wf_report_ST_04</document_no><document_revision>1</document_revision></document_workflow_steps></document></report_data_model>