{
  "document_package_1": {
    "doc_num": "dolore03652"
  },
  "document_zd_1": {
    "doc_num": "dolores_2272022-11-25"
  },
  "document_jpg_1": {
    "doc_num": "sit_prov_8642022-12-01"
  },
  "document_txt_1": {
    "doc_num": "adipisci_1772022-12-01"
  },
  "document_png_2": {
    "doc_num": "aperiam_202023-01-03"
  },
  "document_workflowint_3": {
    "doc_num": "est_quib_6492022-11-25"
  },
  "document_png_1": {
    "doc_num": "nihil_la_2072022-12-01"
  },
  "document_doc_2": {
    "doc_num": "eius_s30089"
  },
  "document_doc_1": {
    "doc_num": "quaera80270"
  },
  "document_viewer_1": {
    "doc_num": "quam_e20368"
  },
  "document_doc_7": {
    "doc_num": "unde_in_7672022-11-25"
  },
  "document_doc_4": {
    "doc_num": "deleniti_7302022-11-25"
  },
  "document_doc_3": {
    "doc_num": "dolore60345"
  },
  "document_trans_2": {
    "doc_num": "quaera00709"
  },
  "document_doc_6": {
    "doc_num": "repudian_2582022-11-25"
  },
  "document_trans_1": {
    "doc_num": "dolor_ut_9302022-11-25"
  },
  "document_doc_5": {
    "doc_num": "qui_aspe_4232022-11-25"
  },
  "document_xls_1": {
    "doc_num": "dolores_3542022-12-01"
  },
  "document_sd_1": {
    "doc_num": "exerci54090"
  },
  "document_mail_2": {
    "doc_num": "volupt83842"
  },
  "document_mail_1": {
    "doc_num": "ducimu39268"
  },
  "document_docs_1": {
    "doc_num": "beatae_v_4642022-12-01"
  },
  "document_workflowint_1": {
    "doc_num": "est_sa36567"
  },
  "document_workflowint_2": {
    "doc_num": "deleni00172"
  },
  "document_pdf_2": {
    "doc_num": "quos_omn_4632023-01-03"
  },
  "document_pdf_1": {
    "doc_num": "id_ratio_1892022-12-01"
  }
}