{
  "document_package_1": {
    "doc_num": "unde_sap_8842022-11-15"
  },
  "document_zd_1": {
    "doc_num": "sint_ius_1172022-11-22"
  },
  "document_jpg_1": {
    "doc_num": "repudian_7512022-12-01"
  },
  "document_txt_1": {
    "doc_num": "dignissi_1942022-12-01"
  },
  "document_png_2": {
    "doc_num": "iusto_no_572022-11-15"
  },
  "document_workflowint_3": {
    "doc_num": "at_sedi_2632022-11-22"
  },
  "document_png_1": {
    "doc_num": "non_aut_5682022-12-01"
  },
  "temp1_Inspec1": {
    "doc_num": "164 Check List Template1_inspection"
  },
  "document_doc_2": {
    "doc_num": "fuga_l80418"
  },
  "document_doc_1": {
    "doc_num": "non_nisi_402022-11-15"
  },
  "temp1_Inspec2": {
    "doc_num": "166 PDF Checklist_inspection"
  },
  "document_viewer_1": {
    "doc_num": "nostrum_4312022-11-17"
  },
  "document_doc_7": {
    "doc_num": "dicta_pr_8112022-11-22"
  },
  "document_doc_4": {
    "doc_num": "quia_bea_2492022-11-22"
  },
  "document_doc_3": {
    "doc_num": "hic_no62583"
  },
  "document_trans_2": {
    "doc_num": "id_dolor_2162022-11-15"
  },
  "document_doc_6": {
    "doc_num": "et_nihil_2382022-11-22"
  },
  "document_trans_1": {
    "doc_num": "tempore_4612022-11-22"
  },
  "document_doc_5": {
    "doc_num": "adipisci_1622022-11-22"
  },
  "document_xls_1": {
    "doc_num": "ut_repre_2502022-12-01"
  },
  "document_sd_1": {
    "doc_num": "omnis_29516"
  },
  "document_mail_2": {
    "doc_num": "mollit32422"
  },
  "document_mail_1": {
    "doc_num": "repudi14587"
  },
  "document_docs_1": {
    "doc_num": "reiciend_9382022-12-01"
  },
  "document_workflowint_1": {
    "doc_num": "ad_porro_9022022-11-14"
  },
  "document_workflowint_2": {
    "doc_num": "illum_al_9492022-11-15"
  },
  "document_pdf_2": {
    "doc_num": "magnam_a_862022-11-15"
  },
  "document_pdf_1": {
    "doc_num": "dolore_r_7462022-12-01"
  }
}