{
  "Mail1": {
    "mail_num": "AUTOINC-LTT-000177",
    "Sent Date": "Nov 15, 2022"
  },
  "Mail2": {
    "mail_num": "CR-000002",
    "Sent Date": "Nov 22, 2022"
  },
  "Mail3": {
    "mail_num": "TRN-000001"
  },
  "Mail4": {
    "mail_num": "AUTOINC-LTT-000178",
    "Sent Date": "Nov 15, 2022"
  },
  "Cost_Mail2": {
    "mail_num": "AUTOINC-LTT-000181",
    "Sent Date": "Nov 15, 2022"
  },
  "package_mail1": {
    "mail_num": "TRLTD-LTT-000004",
    "Sent Date": "Jul 6, 2021"
  },
  "Cost_Mail1": {
    "mail_num": "AUTOINC-LTT-000180",
    "Sent Date": "Nov 15, 2022"
  }
}