{
  "document_package_1": {
    "doc_num": "dolore03652"
  },
  "document_jpg_1": {
    "doc_num": "neque_au_9592022-12-01"
  },
  "document_txt_1": {
    "doc_num": "repellat_5222022-12-01"
  },
  "document_png_2": {
    "doc_num": "amet_q24758"
  },
  "document_workflowint_3": {
    "doc_num": "dolor_od_5552023-04-19"
  },
  "document_png_1": {
    "doc_num": "modi_qui_4362022-12-01"
  },
  "document_doc_2": {
    "doc_num": "assume63636"
  },
  "document_doc_1": {
    "doc_num": "quaera80270"
  },
  "document_viewer_1": {
    "doc_num": "sunt_q30733"
  },
  "document_doc_7": {
    "doc_num": "et_sun22320"
  },
  "document_doc_4": {
    "doc_num": "reicie26619"
  },
  "document_doc_3": {
    "doc_num": "dolore96431"
  },
  "document_trans_2": {
    "doc_num": "quaera00709"
  },
  "document_doc_6": {
    "doc_num": "atque_la_3382023-04-19"
  },
  "document_trans_1": {
    "doc_num": "cupidi30621"
  },
  "document_doc_5": {
    "doc_num": "aspernat_6492023-04-19"
  },
  "document_xls_1": {
    "doc_num": "exceptur_4042022-12-01"
  },
  "document_sd_1": {
    "doc_num": "nobis_57145"
  },
  "document_mail_2": {
    "doc_num": "evenie26779"
  },
  "document_mail_1": {
    "doc_num": "quam_i34700"
  },
  "document_docs_1": {
    "doc_num": "quaerat_1572022-12-01"
  },
  "document_workflowint_1": {
    "doc_num": "est_sa36567"
  },
  "document_workflowint_2": {
    "doc_num": "non_ma74613"
  },
  "document_pdf_2": {
    "doc_num": "et_rer77606"
  },
  "document_pdf_1": {
    "doc_num": "ut_volup_9752022-12-01"
  }
}